{"cameraMode":{"drawMode":0,"name":"Shaded","section":"Shading Mode"},"sceneLighting":true,"audioPlay":false,"sceneViewState":{"m_AlwaysRefresh":false,"showFog":true,"showSkybox":false,"showFlares":true,"showImageEffects":true,"showParticleSystems":true,"showVisualEffectGraphs":true,"m_FxEnabled":true},"in2DMode":false,"pivot":{"x":0.1288919448852539,"y":-0.0000019073486328125,"z":0.6952600479125977},"rotation":{"x":-0.026744581758975984,"y":0.937552273273468,"z":-0.33915475010871889,"w":-0.07350660860538483},"size":24.24871063232422,"orthographic":false}