{"cameraMode":{"drawMode":0,"name":"Shaded","section":"Shading Mode"},"sceneLighting":false,"audioPlay":false,"sceneViewState":{"m_AlwaysRefresh":false,"showFog":true,"showSkybox":false,"showFlares":true,"showImageEffects":true,"showParticleSystems":true,"showVisualEffectGraphs":true,"m_FxEnabled":true},"in2DMode":false,"pivot":{"x":0.2864667773246765,"y":-0.3080713748931885,"z":0.5491000413894653},"rotation":{"x":0.0697348415851593,"y":0.9142209887504578,"z":-0.35702481865882876,"w":0.17857548594474793},"size":0.6574892997741699,"orthographic":false}