{"cameraMode":{"drawMode":0,"name":"Shaded","section":"Shading Mode"},"sceneLighting":false,"audioPlay":false,"sceneViewState":{"m_AlwaysRefresh":false,"showFog":true,"showSkybox":false,"showFlares":true,"showImageEffects":true,"showParticleSystems":true,"showVisualEffectGraphs":true,"m_FxEnabled":true},"in2DMode":false,"pivot":{"x":-34.090030670166019,"y":4.300620079040527,"z":-16.185911178588868},"rotation":{"x":0.45016950368881228,"y":0.19994285702705384,"z":-0.10415675491094589,"w":0.8640346527099609},"size":21.045886993408204,"orthographic":false}