{"cameraMode":{"drawMode":0,"name":"Shaded","section":"Shading Mode"},"sceneLighting":false,"audioPlay":false,"sceneViewState":{"m_AlwaysRefresh":false,"showFog":true,"showSkybox":false,"showFlares":true,"showImageEffects":true,"showParticleSystems":true,"showVisualEffectGraphs":true,"m_FxEnabled":true},"in2DMode":false,"pivot":{"x":0.35188040137290957,"y":-0.32721811532974245,"z":0.9871965646743774},"rotation":{"x":0.25696760416030886,"y":0.5372524857521057,"z":-0.17613981664180757,"w":0.7837914228439331},"size":0.3574894070625305,"orthographic":false}